Model,RMSE (Train) Mean,RMSE (Train) Std,RMSE (Test) Mean,RMSE (Test) Std,R2 (Train) Mean,R2 (Train) Std,R2 (Test) Mean,R2 (Test) Std,Overfitting Mean,Overfitting Std
Lasso,19.95579385779632,6.395021406517991,44.67071227425747,8.948077462589353,0.9880252000628013,0.006649163943610566,0.9376707411367297,0.03810485675386442,3.0207938447652536,3.528112059712527
Linear Regression,3.9266754729102927e-13,6.884062755701852e-14,158.81915922073281,27.46634320435619,1.0,0.0,0.27009147437976977,0.2529367818602274,412253126750098.06,81583153934258.27
Ridge,19.530530567954408,25.800628828959457,160.84805657693272,26.876337032477352,0.9672670652172435,0.07374174703259866,0.2538356062326249,0.24566776858482506,558385.700892329,682030.6689779173
LightGBM,111.98554196971314,27.595404299722677,164.05624575340804,27.54810507750878,0.6340316034796495,0.2052325137648293,0.24205014185066273,0.1809590959607159,1.523425372756288,0.3421616181106155
Random Forest,61.28586622712508,6.591613908760606,166.76353212837057,27.189084776514466,0.8996063169044095,0.014254278925348673,0.22685146359865843,0.14107907114253063,2.7203170898086713,0.3634356921898066
XGBoost,56.298922713655415,50.64705868424456,169.94205578304684,29.615566393708246,0.843458701183237,0.22578097796832575,0.19750068167790769,0.14908824802066345,9.795755376427007,14.966671014632698
